nome,date,start,end,citta,provincia
Sagra del cinghiale,30 Maggio 2025 - 02 Novembre 2025,2025-05-30,2025-11-02,Dugenta,BN
Cheese FestiVal di sole,06 Settembre 2025 - 22 Settembre 2025,2025-09-06,2025-09-22,Malé,TN
Festa dell’uva,07 Settembre 2025 - 28 Settembre 2025,2025-09-07,2025-09-28,Gropparello,PC
Festa del porcino mostra mercato,10 Settembre 2025 - 21 Settembre 2025,2025-09-10,2025-09-21,Lariano,RM
Sagra dea sbrisa,12 Settembre 2025 - 23 Settembre 2025,2025-09-12,2025-09-23,Venezia,VE
Sagra della cotoletta mirabellese,12 Settembre 2025 - 28 Settembre 2025,2025-09-12,2025-09-28,Mirabello,MO
Festa dea poenta,12 Settembre 2025 - 28 Settembre 2025,2025-09-12,2025-09-28,Castelminio,TV
Festa dei funghi e dell’ambiente,12 Settembre 2025 - 21 Settembre 2025,2025-09-12,2025-09-21,Budoia,PN
Sagra Poenta e Osei,12 Settembre 2025 - 28 Settembre 2025,2025-09-12,2025-09-28,Pramaggiore Blessaglia,VE
Sagra del Grappolo D’Oro,12 Settembre 2025 - 21 Settembre 2025,2025-09-12,2025-09-21,Potenza Picena,MC
Sagra Levà,12 Settembre 2025 - 21 Settembre 2025,2025-09-12,2025-09-21,Levà,VI
Sagra dello storione e pesce di mare,13 Settembre 2025 - 21 Settembre 2025,2025-09-13,2025-09-21,Casumaro,FE
"Sagra della polenta, funghi porcini e cinghiale",13 Settembre 2025 - 21 Settembre 2025,2025-09-13,2025-09-21,Poggio Alla Malva,FI
Sagra della polenta e dei frutti del sottobosco,14 Settembre 2025 - 05 Ottobre 2025,2025-09-14,2025-10-05,Perticara,RN
Festa dell’uva,17 Settembre 2025 - 21 Settembre 2025,2025-09-17,2025-09-21,Castellarano,RE
Sagra Della Nana,17 Settembre 2025 - 28 Settembre 2025,2025-09-17,2025-09-28,Montagnano,RN
Roma Baccalà,18 Settembre 2025 - 21 Settembre 2025,2025-09-18,2025-09-21,Roma,RM
Festival del bacalà alla vincentina,18 Settembre 2025 - 29 Settembre 2025,2025-09-18,2025-09-29,Sandrigo,VI
Festa del Pistacchio di Raffadali DOP,18 Settembre 2025 - 21 Settembre 2025,2025-09-18,2025-09-21,Raffadali,AG
Sagra del riso del delta del po,18 Settembre 2025 - 21 Settembre 2025,2025-09-18,2025-09-21,Porto Tolle,RO
Sagra del Caciocavallo,18 Settembre 2025 - 21 Settembre 2025,2025-09-18,2025-09-21,Castelfranco In Miscano,BN
Sagra del Risotto,18 Settembre 2025 - 21 Settembre 2025,2025-09-18,2025-09-21,Cergnago,PV
Festa del pane casareccio IGP,18 Settembre 2025 - 21 Settembre 2025,2025-09-18,2025-09-21,Genzano di Roma,RM
Sagra del pesce,19 Settembre 2025 - 21 Settembre 2025,2025-09-19,2025-09-21,Pioppi,SA
Sagra dei funghi,19 Settembre 2025 - 12 Ottobre 2025,2025-09-19,2025-10-12,Cusano Mutri,BN
Sagra del fungo porcino,19 Settembre 2025 - 28 Settembre 2025,2025-09-19,2025-09-28,Castelpagano,BN
Sagra della salamina da sugo al cucchiaio,19 Settembre 2025 - 05 Ottobre 2025,2025-09-19,2025-10-05,Poggio Renatico,FE
Festa del Vino del Monferrato Unesco,19 Settembre 2025 - 28 Settembre 2025,2025-09-19,2025-09-28,Casale Monferrato,AL
Fiera del riso,19 Settembre 2025 - 12 Ottobre 2025,2025-09-19,2025-10-12,Isola della Scala,VR
Festa dei sapori e delle tradizioni,19 Settembre 2025 - 21 Settembre 2025,2025-09-19,2025-09-21,Terrassa Padovana,PD
Festival del puzzone di Moena,19 Settembre 2025 - 21 Settembre 2025,2025-09-19,2025-09-21,Moena,TN
Cous Cous fest,19 Settembre 2025 - 28 Settembre 2025,2025-09-19,2025-09-28,San Vito Lo Capo,TP
A tavola nel Feltrino: il fagiolo,19 Settembre 2025 - 21 Settembre 2025,2025-09-19,2025-09-21,Lamon,BL
"Bra’s – Il festival della salsiccia, del formaggio, del pane e del riso di Bra",19 Settembre 2025 - 22 Settembre 2025,2025-09-19,2025-09-22,Bra,CN
Festa della zucca,19 Settembre 2025 - 28 Settembre 2025,2025-09-19,2025-09-28,Ghizzole,PR
Festa del baccalà,19 Settembre 2025 - 05 Ottobre 2025,2025-09-19,2025-10-05,Robegano,VE
Festa di San Michele,19 Settembre 2025 - 29 Settembre 2025,2025-09-19,2025-09-29,Quarto d'Altino,VE
Sagra della patata,19 Settembre 2025 - 21 Settembre 2025,2025-09-19,2025-09-21,Villastellone,TO
Sagra del Coniglio ripieno e Focaccia di patate,19 Settembre 2025 - 21 Settembre 2025,2025-09-19,2025-09-21,Casamassima,BA
Festa dell’uva Soave,19 Settembre 2025 - 21 Settembre 2025,2025-09-19,2025-09-21,Soave,VR
Festa del pesce,19 Settembre 2025 - 28 Settembre 2025,2025-09-19,2025-09-28,Caorle,VE
Sagra de caplet,19 Settembre 2025 - 22 Settembre 2025,2025-09-19,2025-09-22,Porto Fuori,RA
Festa del riso,19 Settembre 2025 - 23 Settembre 2025,2025-09-19,2025-09-23,Grumolo delle Abbadesse,VI
Sagra della patata di montagna,19 Settembre 2025 - 21 Settembre 2025,2025-09-19,2025-09-21,Muro Lucano,PZ
Festa del fungo e del palio del fungaiolo,19 Settembre 2025 - 21 Settembre 2025,2025-09-19,2025-09-21,San Giorgio Piacentino,PC
Festa della patata americana,19 Settembre 2025 - 28 Settembre 2025,2025-09-19,2025-09-28,Anguillara Veneta,PD
Sagra nazionale del gorgonzola,20 Settembre 2025 - 21 Settembre 2025,2025-09-20,2025-09-21,Gorgonzola,MI
Fiera del fungo di Borgotaro,20 Settembre 2025 - 28 Settembre 2025,2025-09-20,2025-09-28,Borgo Val di Taro,PR
Sagra dell’uva,20 Settembre 2025 - 21 Settembre 2025,2025-09-20,2025-09-21,Galluccio,CE
Sagra dell’ocio,20 Settembre 2025 - 29 Settembre 2025,2025-09-20,2025-09-29,Montepulciano Stazione,SI
Sagra del Bitto,20 Settembre 2025 - 21 Settembre 2025,2025-09-20,2025-09-21,Gerola Alta,SO
Festa del Vino Cotto,20 Settembre 2025 - 21 Settembre 2025,2025-09-20,2025-09-21,Lapedona,FM
Sagra dello stoccafisso,20 Settembre 2025 - 21 Settembre 2025,2025-09-20,2025-09-21,Badalucco,IM
Festa dell’uva e dei vini,20 Settembre 2025 - 21 Settembre 2025,2025-09-20,2025-09-21,Velletri,RM
Fiera della cipolla bionda di Cureggio e Fontaneto,20 Settembre 2025 - 21 Settembre 2025,2025-09-20,2025-09-21,Fontaneto D'agogna,NO
Sagra dell’Uva e del Lambrusco Grasparossa,20 Settembre 2025 - 28 Settembre 2025,2025-09-20,2025-09-28,Castelvetro di Modena,MO
Sagra del Cuzzetiello,20 Settembre 2025 - 21 Settembre 2025,2025-09-20,2025-09-21,Domicella,AV
Sagra della schiacciata,21 Settembre 2025,2025-09-21,2025-09-21,Bivigliano,FI
Sagra del Bombolone,21 Settembre 2025,2025-09-21,2025-09-21,La Rotta,PI
Mostra della razza Cabannina,21 Settembre 2025,2025-09-21,2025-09-21,Rezzoaglio,GE
Sagra del tomino,21 Settembre 2025,2025-09-21,2025-09-21,Rivalta di Torino,TO
Festa del vino e dell’uva,21 Settembre 2025 - 28 Settembre 2025,2025-09-21,2025-09-28,Carema,TO
Sagra della patata di montagna e dei prodotti tipici,21 Settembre 2025,2025-09-21,2025-09-21,Sauze d'Oulx,TO
Festa dell’amaretto di Sassello,21 Settembre 2025,2025-09-21,2025-09-21,Sassello,SV
Sagra dei maccheroni con il coniglio,23 Settembre 2025,2025-09-23,2025-09-23,Agira,EN
Féta di Resèn – Festa dell’uva,24 Settembre 2025 - 28 Settembre 2025,2025-09-24,2025-09-28,Chambave,AO
Sagra della patata,25 Settembre 2025 - 28 Settembre 2025,2025-09-25,2025-09-28,Lazzate,MB
Sagra della cucina piemontese,25 Settembre 2025 - 29 Settembre 2025,2025-09-25,2025-09-29,Volpiano,TO
Sagra della vendemmia,25 Settembre 2025 - 28 Settembre 2025,2025-09-25,2025-09-28,Pedalino,RG
Fiera del Casoncello di Barbariga,25 Settembre 2025 - 28 Settembre 2025,2025-09-25,2025-09-28,Barbariga,BS
Gusti di frontiera,25 Settembre 2025 - 28 Settembre 2025,2025-09-25,2025-09-28,Gorizia,GO
Sagra del miele,26 Settembre 2025 - 28 Settembre 2025,2025-09-26,2025-09-28,Sortino,SR
"Sagra della zampina, del bocconcino e del buon vino",26 Settembre 2025 - 28 Settembre 2025,2025-09-26,2025-09-28,Sammichele di Bari,BA
Festa dell’uva,26 Settembre 2025 - 28 Settembre 2025,2025-09-26,2025-09-28,Verla,BL
Festa dell’uva,26 Settembre 2025 - 27 Settembre 2025,2025-09-26,2025-09-27,Fonzaso,BL
Mostra regionale della mela,26 Settembre 2025 - 05 Ottobre 2025,2025-09-26,2025-10-05,Pantianicco,UD
Festa dell’Uva e del Recioto,26 Settembre 2025 - 29 Settembre 2025,2025-09-26,2025-09-29,Gambellara,VI
Sagra della nocciola,26 Settembre 2025 - 28 Settembre 2025,2025-09-26,2025-09-28,Prepezzano,CS
Festa dell’uva e del vino,26 Settembre 2025 - 28 Settembre 2025,2025-09-26,2025-09-28,Chiusi,SI
La macenata,26 Settembre 2025 - 04 Ottobre 2025,2025-09-26,2025-10-04,Paternopoli,AV
Lignano Tuna Festival,26 Settembre 2025 - 05 Ottobre 2025,2025-09-26,2025-10-05,Lignano Sabbiadoro,UD
Festa del bisonte con polenta,26 Settembre 2025 - 05 Ottobre 2025,2025-09-26,2025-10-05,Ronchis,UD
Sagra dell’uva di San Cesareo,26 Settembre 2025 - 28 Settembre 2025,2025-09-26,2025-09-28,San Cesareo,RM
Sagra del Gorgonzola,26 Settembre 2025 - 05 Ottobre 2025,2025-09-26,2025-10-05,Caronno Pertusella,VA
La Zucca delle Meraviglie,26 Settembre 2025 - 28 Settembre 2025,2025-09-26,2025-09-28,Piea,AT
Du blé au pain,27 Settembre 2025 - 28 Settembre 2025,2025-09-27,2025-09-28,La Magdeleine,AO
Sagra della bruschetta e dell’olio novo,27 Settembre 2025 - 28 Settembre 2025,2025-09-27,2025-09-28,Montegiovi,GR
Sagra dell’anguilla,27 Settembre 2025 - 12 Ottobre 2025,2025-09-27,2025-10-12,Comacchio,FE
Sagra dell’uva,27 Settembre 2025 - 05 Ottobre 2025,2025-09-27,2025-10-05,Marino,RM
Festa della polenta,27 Settembre 2025 - 28 Settembre 2025,2025-09-27,2025-09-28,Soragna,PR
Sagra della patata,27 Settembre 2025 - 28 Settembre 2025,2025-09-27,2025-09-28,Villabassa,BZ
Sagra dello zafferano,27 Settembre 2025 - 28 Settembre 2025,2025-09-27,2025-09-28,Valguarnera Caropepe,EN
Sagra dei prodotti tipici ceramesi “Pipi e Cavatieddi”,27 Settembre 2025 - 28 Settembre 2025,2025-09-27,2025-09-28,Cerami,EN
Sagra della polenta,27 Settembre 2025 - 28 Settembre 2025,2025-09-27,2025-09-28,Apiro,MC
Festa della mela,27 Settembre 2025 - 28 Settembre 2025,2025-09-27,2025-09-28,Tolmezzo,UD
Sagra del Fungo Porcino,27 Settembre 2025 - 28 Settembre 2025,2025-09-27,2025-09-28,Bagnara,RC
Autunno in Barbagia,27 Settembre 2025 - 28 Settembre 2025,2025-09-27,2025-09-28,Austis,NU
Festa dello speck Alto Adige,27 Settembre 2025 - 28 Settembre 2025,2025-09-27,2025-09-28,Brunico,BZ
Sagra del Savor,27 Settembre 2025 - 28 Settembre 2025,2025-09-27,2025-09-28,Montegelli,AR
Festa della Noce,27 Settembre 2025 - 05 Ottobre 2025,2025-09-27,2025-10-05,Motta Camastra,ME
Sagra della Lepre e del Cinghiale,27 Settembre 2025 - 12 Ottobre 2025,2025-09-27,2025-10-12,Selvatelle,PI
Sagra del Macagn,27 Settembre 2025 - 28 Settembre 2025,2025-09-27,2025-09-28,Crocemosso,VC
Sagra del salame d’oca di Mortara,28 Settembre 2025,2025-09-28,2025-09-28,Mortara,PV
Sagra degli Stigliozzi,28 Settembre 2025,2025-09-28,2025-09-28,Castel di Tora,RI
Sagra del pane,28 Settembre 2025,2025-09-28,2025-09-28,Piobesi Torinese,TO
Sagra della Patata,28 Settembre 2025,2025-09-28,2025-09-28,Magnano,BI
Festa del borgo e sagra del civraxiu,28 Settembre 2025,2025-09-28,2025-09-28,Sanluri,SU
Sagra dell’uva,28 Settembre 2025,2025-09-28,2025-09-28,San Colombano al Lambro,MI
Festa della patata naturale dell’Alto Astico e di Tonezza,28 Settembre 2025 - 26 Ottobre 2025,2025-09-28,2025-10-26,Tonezza del Cimone,VI
Sagra del radicchio,30 Settembre 2025 - 06 Ottobre 2025,2025-09-30,2025-10-06,Bosco Mesola,FE
Festa dell’uva e del vino,02 Ottobre 2025 - 06 Ottobre 2025,2025-10-02,2025-10-06,Bardolino,VR
Festa dell’Uva e Vino Montonico,02 Ottobre 2025 - 05 Ottobre 2025,2025-10-02,2025-10-05,Bisenti,TE
Sagra dell’uva,02 Ottobre 2025 - 05 Ottobre 2025,2025-10-02,2025-10-05,Cupramontana,AN
Sagra del vino romagnolo,02 Ottobre 2025 - 05 Ottobre 2025,2025-10-02,2025-10-05,Cotignola,RA
Festa dell’uva,03 Ottobre 2025 - 05 Ottobre 2025,2025-10-03,2025-10-05,Oliveto Citra,SA
Sagra delle castagne,03 Ottobre 2025 - 19 Ottobre 2025,2025-10-03,2025-10-19,Soriano Nel Cimino,VT
Sagra dei sughitti,03 Ottobre 2025 - 05 Ottobre 2025,2025-10-03,2025-10-05,Montecassiano,MC
Festa del salame,03 Ottobre 2025 - 05 Ottobre 2025,2025-10-03,2025-10-05,Cremona,CR
Sagra della mostarda e del ficodindia,03 Ottobre 2025 - 12 Ottobre 2025,2025-10-03,2025-10-12,Militello In Val di Catania,CT
Elogio della bionda,03 Ottobre 2025 - 05 Ottobre 2025,2025-10-03,2025-10-05,Villanova d'Asti,AT
Sagra della castagna e del fungo,03 Ottobre 2025 - 05 Ottobre 2025,2025-10-03,2025-10-05,Rossana,CN
Festa del riso,03 Ottobre 2025 - 05 Ottobre 2025,2025-10-03,2025-10-05,Carpiano,MI
Festa del fungo e dei sapori tipici,03 Ottobre 2025 - 12 Ottobre 2025,2025-10-03,2025-10-12,Cona,VE
Sagra dei Fichi Secchi,03 Ottobre 2025 - 05 Ottobre 2025,2025-10-03,2025-10-05,Miglionico,MT
Festa della lumaca d’autunno,03 Ottobre 2025 - 12 Ottobre 2025,2025-10-03,2025-10-12,Casumaro,FE
Festa dei funghi Pioppini,03 Ottobre 2025 - 06 Ottobre 2025,2025-10-03,2025-10-06,Costozza,VI
La giornata della castagna,03 Ottobre 2025 - 01 Novembre 2025,2025-10-03,2025-11-01,Canepina,VT
Mostra Mercato del Tartufo,03 Ottobre 2025 - 05 Ottobre 2025,2025-10-03,2025-10-05,Apecchio,PU
Sagra della Castagna,03 Ottobre 2025 - 05 Ottobre 2025,2025-10-03,2025-10-05,Salza Irpina,AV
Fiera della zucca di Piozzo,03 Ottobre 2025 - 05 Ottobre 2025,2025-10-03,2025-10-05,Piozzo,CN
Festa della Castagna,03 Ottobre 2025 - 19 Ottobre 2025,2025-10-03,2025-10-19,Colmaggiore,PD
Sagra dell’uva cesanese del Piglio,03 Ottobre 2025 - 05 Ottobre 2025,2025-10-03,2025-10-05,Piglio,FR
Sagra di Vallio dell’oca,03 Ottobre 2025 - 18 Ottobre 2025,2025-10-03,2025-10-18,Meolo,VE
Sagra delle tacchie ai funghi porcini,03 Ottobre 2025 - 12 Ottobre 2025,2025-10-03,2025-10-12,Bellegra,RM
Sagra dei bigoli co’l’arna,03 Ottobre 2025 - 05 Ottobre 2025,2025-10-03,2025-10-05,Zanè,VI
Mast Còt fiera dell’aceto balsamico tradizionale,04 Ottobre 2025 - 05 Ottobre 2025,2025-10-04,2025-10-05,Spilamberto,MO
Sagra dell’uva,04 Ottobre 2025 - 05 Ottobre 2025,2025-10-04,2025-10-05,Rutigliano,BA
Sagra della castagna IGP e del fungo porcino,04 Ottobre 2025 - 02 Novembre 2025,2025-10-04,2025-11-02,Roccamonfina,CE
Tumact me Tulez – Festival dell’Aglianico e dei Prodotti Tipici,04 Ottobre 2025 - 05 Ottobre 2025,2025-10-04,2025-10-05,Barile,PZ
Sagra del porcino e della Chianina,04 Ottobre 2025 - 02 Novembre 2025,2025-10-04,2025-11-02,Castelfranco di Sotto,PI
"Sagra del Torcetto, Grissino e Toma di Lanzo",04 Ottobre 2025 - 05 Ottobre 2025,2025-10-04,2025-10-05,Lanzo Torinese,TO
Sagra del fungo,04 Ottobre 2025 - 05 Ottobre 2025,2025-10-04,2025-10-05,Cossano Canavese,TO
Mostra dei funghi,04 Ottobre 2025 - 19 Ottobre 2025,2025-10-04,2025-10-19,San Vito,SU
Gut Longa,04 Ottobre 2025 - 05 Ottobre 2025,2025-10-04,2025-10-05,Carpaneto Piacentino,PC
La Transumanza di Pont Canavese,04 Ottobre 2025 - 05 Ottobre 2025,2025-10-04,2025-10-05,Pont Canavese,TO
Sagra della pesca di Leonforte IGP e dei prodotti tipici,04 Ottobre 2025 - 05 Ottobre 2025,2025-10-04,2025-10-05,Leonforte,EN
Sagra della Patata,04 Ottobre 2025 - 05 Ottobre 2025,2025-10-04,2025-10-05,Rovegno,GE
"Festa della nocciola, salsicce e arancini alla nocciola",04 Ottobre 2025 - 05 Ottobre 2025,2025-10-04,2025-10-05,Badiavecchia,BN
Festa del Castagno,04 Ottobre 2025 - 26 Ottobre 2025,2025-10-04,2025-10-26,Trecastagni,CT
Sagra della Stesa,04 Ottobre 2025 - 05 Ottobre 2025,2025-10-04,2025-10-05,Strangolagalli,FR
Sagra dell’Uva Cari,04 Ottobre 2025 - 05 Ottobre 2025,2025-10-04,2025-10-05,Baldissero Torinese,TO
Fiera Nazionale della Trippa di Moncalieri,04 Ottobre 2025 - 05 Ottobre 2025,2025-10-04,2025-10-05,Moncalieri,TO
Sagra pasta e fagioli,04 Ottobre 2025,2025-10-04,2025-10-04,Pisoniano,RM
Vendemmiale Capena,04 Ottobre 2025 - 05 Ottobre 2025,2025-10-04,2025-10-05,Capena,RM
Festa dea Suca,04 Ottobre 2025 - 05 Ottobre 2025,2025-10-04,2025-10-05,Cittadella,PD
Sagra della castagna,04 Ottobre 2025 - 26 Ottobre 2025,2025-10-04,2025-10-26,Mezzomonte,PT
Sagra del Mandorlo,04 Ottobre 2025 - 05 Ottobre 2025,2025-10-04,2025-10-05,Sant'Andrea Frius,SU
Sagra della patata,04 Ottobre 2025,2025-10-04,2025-10-04,Monno,BS
Gnoche ‘n festa,04 Ottobre 2025 - 05 Ottobre 2025,2025-10-04,2025-10-05,Auronzo di Cadore,BL
Festa delle castagne e dei ricordi,04 Ottobre 2025 - 05 Ottobre 2025,2025-10-04,2025-10-05,Castell'Arquato,PC
Sagra della mondina e del quartuccio fritto,04 Ottobre 2025 - 19 Ottobre 2025,2025-10-04,2025-10-19,Bargecchia,LU
Fita di pomme,05 Ottobre 2025,2025-10-05,2025-10-05,Gressan,AO
Ottobrata zafferanese – mostra mercato,05 Ottobre 2025 - 26 Ottobre 2025,2025-10-05,2025-10-26,Zafferana Etnea,CT
Sagra della castagna e del marrone tipico,05 Ottobre 2025 - 26 Ottobre 2025,2025-10-05,2025-10-26,Zocca,MO
Antichi sapori,05 Ottobre 2025 - 12 Ottobre 2025,2025-10-05,2025-10-12,Cessapalombo,MC
Autunno contadino,05 Ottobre 2025,2025-10-05,2025-10-05,Molina,TN
Cinghiale e castagna,05 Ottobre 2025 - 26 Ottobre 2025,2025-10-05,2025-10-26,Montefiore Conca,RN
Sagra del marrone e dei frutti del sottobosco,05 Ottobre 2025 - 26 Ottobre 2025,2025-10-05,2025-10-26,Palazzuolo Sul Senio,FI
Festa dell’uva,05 Ottobre 2025,2025-10-05,2025-10-05,Savorgnano,UD
Sagra del Fungo,05 Ottobre 2025,2025-10-05,2025-10-05,San Pietro Val Lemina,TO
Festa della Zucca,05 Ottobre 2025 - 19 Ottobre 2025,2025-10-05,2025-10-19,Gavirate,VA
Sagra del Marrone,05 Ottobre 2025 - 26 Ottobre 2025,2025-10-05,2025-10-26,Castel del Rio,BO
Sagra delle Frugiate,05 Ottobre 2025 - 19 Ottobre 2025,2025-10-05,2025-10-19,Vellano,PT
Sagra dell’Acquaticcio,05 Ottobre 2025,2025-10-05,2025-10-05,Colleluce,MC
Festa della pizza chiena satrianese,05 Ottobre 2025,2025-10-05,2025-10-05,Satriano di Lucania,PZ
Fiera Nazionale del tartufo bianco pregiato di Pergola,05 Ottobre 2025 - 19 Ottobre 2025,2025-10-05,2025-10-19,Pergola,PU
Ottobre a Caldana,05 Ottobre 2025 - 26 Ottobre 2025,2025-10-05,2025-10-26,Caldana,GR
Dì de la brisaola,05 Ottobre 2025,2025-10-05,2025-10-05,Chiavenna,SO
Festa del Radicchio di Bieno,05 Ottobre 2025,2025-10-05,2025-10-05,Bieno,TN
Festa delle Giuggiole,05 Ottobre 2025 - 12 Ottobre 2025,2025-10-05,2025-10-12,Arquà Petrarca,PD
Festa dei cavoli nostri,05 Ottobre 2025,2025-10-05,2025-10-05,Collina,AL
Sagra della patata,05 Ottobre 2025 - 12 Ottobre 2025,2025-10-05,2025-10-12,Piandelagotti,MO
Festa dell’uva e dei fiori,09 Ottobre 2025 - 12 Ottobre 2025,2025-10-09,2025-10-12,Foresto Sparso,BG
Festa dell’uva,09 Ottobre 2025 - 12 Ottobre 2025,2025-10-09,2025-10-12,Arcevia,AN
Sagra della Bagna cauda,09 Ottobre 2025 - 12 Ottobre 2025,2025-10-09,2025-10-12,Volpiano,TO
Mostra mercato nazionale del tartufo e dei prodotti tipici locali,09 Ottobre 2025 - 12 Ottobre 2025,2025-10-09,2025-10-12,Colliano,SA
Sagra dei Panocini,09 Ottobre 2025 - 14 Ottobre 2025,2025-10-09,2025-10-14,Legnago,VR
Sagra del pistacchio verde di Bronte DOP,10 Ottobre 2025 - 19 Ottobre 2025,2025-10-10,2025-10-19,Bronte,CT
Sagra della mela e dell’uva,10 Ottobre 2025 - 12 Ottobre 2025,2025-10-10,2025-10-12,Villa di Tirano,SO
Festival Internazionale “Mortadella please”,10 Ottobre 2025 - 12 Ottobre 2025,2025-10-10,2025-10-12,Zola Predosa,BO
Sagra della patata,10 Ottobre 2025 - 12 Ottobre 2025,2025-10-10,2025-10-12,Leonessa,RI
Sagra della castagna di Serino IGP,10 Ottobre 2025 - 12 Ottobre 2025,2025-10-10,2025-10-12,Serino,AV
Mostra mercato del tartufo bianco e della patata,10 Ottobre 2025 - 19 Ottobre 2025,2025-10-10,2025-10-19,Pietralunga,PG
Sagra dell’Uva Italia e sagra delle Pincinelle,10 Ottobre 2025 - 12 Ottobre 2025,2025-10-10,2025-10-12,Colonna,RM
Sagra della Zucca,10 Ottobre 2025 - 12 Ottobre 2025,2025-10-10,2025-10-12,Meugliano,TO
Sagra della mostarda dei fichi d’india,10 Ottobre 2025 - 12 Ottobre 2025,2025-10-10,2025-10-12,Pedagaggi,BN
Sagra della castagna e della nocciola,10 Ottobre 2025 - 19 Ottobre 2025,2025-10-10,2025-10-19,Avella,AV
Festa dei marroni di Combai,10 Ottobre 2025 - 02 Novembre 2025,2025-10-10,2025-11-02,Combai,TV
Sagra del cinghiale e della castagna,10 Ottobre 2025 - 12 Ottobre 2025,2025-10-10,2025-10-12,San Potito Ultra,AV
Sagra della Castagna,10 Ottobre 2025 - 12 Ottobre 2025,2025-10-10,2025-10-12,Montorsaio,GR
Sagra delle olive,10 Ottobre 2025 - 12 Ottobre 2025,2025-10-10,2025-10-12,Sannicandro di Bari,BA
Festa del Miele,10 Ottobre 2025 - 12 Ottobre 2025,2025-10-10,2025-10-12,Belforte all'isauro,PU
Sagre da las masanetes,10 Ottobre 2025 - 19 Ottobre 2025,2025-10-10,2025-10-19,Villaorba,TV
"Sagra del cardo, della bagna cauda e della cipolla piattellina",10 Ottobre 2025 - 12 Ottobre 2025,2025-10-10,2025-10-12,Andezeno,TO
Sagra del ciapinabò,10 Ottobre 2025 - 12 Ottobre 2025,2025-10-10,2025-10-12,Carignano,TO
Mele a mel,10 Ottobre 2025 - 12 Ottobre 2025,2025-10-10,2025-10-12,Mel,BL
Sagra del tartufo di Bondeno,10 Ottobre 2025 - 12 Ottobre 2025,2025-10-10,2025-10-12,Bondeno,FE
Sagra della Salsiccia,10 Ottobre 2025 - 12 Ottobre 2025,2025-10-10,2025-10-12,Montemilone,PZ
Zafarana Fest,10 Ottobre 2025 - 12 Ottobre 2025,2025-10-10,2025-10-12,Tortora,CS
Pomaria festa della mela DOP,11 Ottobre 2025 - 12 Ottobre 2025,2025-10-11,2025-10-12,Denno,TN
Fiera internazionale del tartufo bianco d’Alba,11 Ottobre 2025 - 08 Dicembre 2025,2025-10-11,2025-12-08,Alba,CN
Sagra del fungo Silano,11 Ottobre 2025 - 12 Ottobre 2025,2025-10-11,2025-10-12,Camigliatello Silano,CS
Tovena in festa,11 Ottobre 2025 - 31 Ottobre 2025,2025-10-11,2025-10-31,Tovena,TN
Sagra del crin,11 Ottobre 2025 - 12 Ottobre 2025,2025-10-11,2025-10-12,Lesegno,CN
Sagra della castagna,11 Ottobre 2025 - 26 Ottobre 2025,2025-10-11,2025-10-26,Trecchina,PZ
Marchè au fort,11 Ottobre 2025 - 12 Ottobre 2025,2025-10-11,2025-10-12,Bard,AO
Festa della Castagna,11 Ottobre 2025 - 02 Novembre 2025,2025-10-11,2025-11-02,Vallerano,VT
Sagra del Tartufo,11 Ottobre 2025 - 19 Ottobre 2025,2025-10-11,2025-10-19,Canterano,RM
Sapori d’autunno,11 Ottobre 2025 - 19 Ottobre 2025,2025-10-11,2025-10-19,Costigliole d'Asti,AT
Paletta e dintorni,11 Ottobre 2025 - 12 Ottobre 2025,2025-10-11,2025-10-12,Coggiola,BI
Sagra delle sagne e farre,11 Ottobre 2025 - 12 Ottobre 2025,2025-10-11,2025-10-12,Licenza,RM
Sagra della Castagna,11 Ottobre 2025 - 12 Ottobre 2025,2025-10-11,2025-10-12,Cassano Irpino,AV
Mele vallée – Festa d’autunno,11 Ottobre 2025 - 12 Ottobre 2025,2025-10-11,2025-10-12,Antey-Saint-André,AO
Sagra della zucca bertagnina,11 Ottobre 2025 - 17 Ottobre 2025,2025-10-11,2025-10-17,Dorno,PV
Pomaria,11 Ottobre 2025 - 12 Ottobre 2025,2025-10-11,2025-10-12,Denno,TN
Pomo pero,11 Ottobre 2025 - 12 Ottobre 2025,2025-10-11,2025-10-12,Lusiana Conco,VI
Sagra del fungo amiatino,11 Ottobre 2025 - 19 Ottobre 2025,2025-10-11,2025-10-19,Bagnolo,TN
Festa della mela di Castel del Giudice,11 Ottobre 2025 - 12 Ottobre 2025,2025-10-11,2025-10-12,Castel del Giudice,IS
Parco urbano delle cantine di Rapolla,11 Ottobre 2025 - 12 Ottobre 2025,2025-10-11,2025-10-12,Rapolla,PZ
Sagra del Polentone,12 Ottobre 2025,2025-10-12,2025-10-12,Sant'Angelo in Pontano,MC
Festa del nuovo raccolto,12 Ottobre 2025,2025-10-12,2025-10-12,Arro,SA
Pranzo della rapa bianca,12 Ottobre 2025,2025-10-12,2025-10-12,Caprauna,CN
Festa della castagna,12 Ottobre 2025,2025-10-12,2025-10-12,Molini di Triora,IM
Il mulino e il suo tempo,12 Ottobre 2025 - 19 Ottobre 2025,2025-10-12,2025-10-19,Refrontolo,TV
Festa della castagna,12 Ottobre 2025 - 26 Ottobre 2025,2025-10-12,2025-10-26,Marola,MS
Sagra del fungo e della castagna,12 Ottobre 2025 - 19 Ottobre 2025,2025-10-12,2025-10-19,Vivo D'orcia,SI
Fiera della Polenta,16 Ottobre 2025 - 09 Novembre 2025,2025-10-16,2025-11-09,Vigasio,VR
Sagra della vulia cazzata,16 Ottobre 2025 - 19 Ottobre 2025,2025-10-16,2025-10-19,Martano,LE
Sagra del pan-zal,16 Ottobre 2025 - 26 Ottobre 2025,2025-10-16,2025-10-26,Rosa,SA
Festa del Vì de Visciola,17 Ottobre 2025 - 19 Ottobre 2025,2025-10-17,2025-10-19,San Paolo di Jesi,AN
Sagra Nazionale del calzone,17 Ottobre 2025 - 19 Ottobre 2025,2025-10-17,2025-10-19,Acquaviva delle Fonti,BA
Sagra della varola,17 Ottobre 2025 - 19 Ottobre 2025,2025-10-17,2025-10-19,Melfi,PZ
Fiera nazionale del marrone,17 Ottobre 2025 - 19 Ottobre 2025,2025-10-17,2025-10-19,Cuneo,CN
Leguminaria,17 Ottobre 2025 - 19 Ottobre 2025,2025-10-17,2025-10-19,Appignano,MC
Sagra delle castagne,17 Ottobre 2025 - 19 Ottobre 2025,2025-10-17,2025-10-19,Capradosso,AQ
Mais&Cavalli,17 Ottobre 2025 - 19 Ottobre 2025,2025-10-17,2025-10-19,Vigone,TO
Lungo le Antiche Rue,17 Ottobre 2025 - 19 Ottobre 2025,2025-10-17,2025-10-19,Civitella Roveto,AQ
Festival della sbrisolona e dei dolci italiani,17 Ottobre 2025 - 19 Ottobre 2025,2025-10-17,2025-10-19,Mantova,MN
Sagra del pane,17 Ottobre 2025 - 19 Ottobre 2025,2025-10-17,2025-10-19,Ramacca,CT
Festa della Zucca,17 Ottobre 2025 - 02 Novembre 2025,2025-10-17,2025-11-02,Salzano,VE
Sagra del cavolo liscio,17 Ottobre 2025 - 19 Ottobre 2025,2025-10-17,2025-10-19,Moriondo,TO
Sagra del fagiolo di Saluggia,17 Ottobre 2025 - 19 Ottobre 2025,2025-10-17,2025-10-19,Saluggia,VC
Opuntia Ficus Indica Fest,17 Ottobre 2025 - 19 Ottobre 2025,2025-10-17,2025-10-19,Roccapalumba,PA
Il Tartufo tra i sapori di autunno,17 Ottobre 2025 - 19 Ottobre 2025,2025-10-17,2025-10-19,Capizzi,ME
Sagra delle castagne,17 Ottobre 2025 - 19 Ottobre 2025,2025-10-17,2025-10-19,Rocca di Papa,RM
Festa della mela di valle maddaloni,17 Ottobre 2025 - 26 Ottobre 2025,2025-10-17,2025-10-26,Valle di Maddaloni,CE
Il nero di Bagnoli,17 Ottobre 2025 - 19 Ottobre 2025,2025-10-17,2025-10-19,Bagnoli Irpino,AV
Sagra della Caldarrosta,17 Ottobre 2025 - 19 Ottobre 2025,2025-10-17,2025-10-19,Trezzano Rosa,MI
Sagra Nazionale del Calzone,17 Ottobre 2025 - 19 Ottobre 2025,2025-10-17,2025-10-19,Acquaviva delle Fonti,BA
Festa Regionale Cavolo dell’Adige,17 Ottobre 2025 - 20 Ottobre 2025,2025-10-17,2025-10-20,Castagnaro,VR
Fiera del rapulé,17 Ottobre 2025 - 19 Ottobre 2025,2025-10-17,2025-10-19,Calosso,AT
Sagra della lumaca,17 Ottobre 2025 - 20 Ottobre 2025,2025-10-17,2025-10-20,Gesico,SU
Sagra della polenta di Arborea,18 Ottobre 2025 - 19 Ottobre 2025,2025-10-18,2025-10-19,Arborea,OR
Mostra del Bitto,18 Ottobre 2025 - 19 Ottobre 2025,2025-10-18,2025-10-19,Morbegno,SO
Mostra mercato del sedano nero e sagra della salsiccia,18 Ottobre 2025 - 19 Ottobre 2025,2025-10-18,2025-10-19,Trevi,PG
Sagra della zucca,18 Ottobre 2025 - 19 Ottobre 2025,2025-10-18,2025-10-19,Agra,VA
Sagra della pappardella al cinghiale,18 Ottobre 2025 - 19 Ottobre 2025,2025-10-18,2025-10-19,Sacrofano,RM
Sagra della patata e dei prodotti d’autunno,18 Ottobre 2025 - 19 Ottobre 2025,2025-10-18,2025-10-19,Cagno,CO
Funghi Fest,18 Ottobre 2025 - 26 Ottobre 2025,2025-10-18,2025-10-26,Castelbuono,PA
Festa dei Porcu Meu,18 Ottobre 2025 - 19 Ottobre 2025,2025-10-18,2025-10-19,Muro Leccese,LE
Zuccainpiazza,18 Ottobre 2025 - 19 Ottobre 2025,2025-10-18,2025-10-19,Bormida-Genepro,CN
Festa della Castagna e del Marrone Dop Caprese,18 Ottobre 2025 - 26 Ottobre 2025,2025-10-18,2025-10-26,Caprese Michelangelo,AR
Sagra del suino nero e del Fungo porcino di Nebrodi,18 Ottobre 2025 - 26 Ottobre 2025,2025-10-18,2025-10-26,Cesarò,ME
"Lo pan ner, i pani delle Alpi",18 Ottobre 2025 - 19 Ottobre 2025,2025-10-18,2025-10-19,Valle d'Aosta,AO
Festa della zucca,18 Ottobre 2025 - 19 Ottobre 2025,2025-10-18,2025-10-19,Terzo D'aquileia,UD
Festa dei Pomi,18 Ottobre 2025 - 19 Ottobre 2025,2025-10-18,2025-10-19,San Pietro Viminario,PD
Sagra del fagiolo borbontino,18 Ottobre 2025 - 19 Ottobre 2025,2025-10-18,2025-10-19,Borbona,RI
Sagra della castagna,18 Ottobre 2025 - 26 Ottobre 2025,2025-10-18,2025-10-26,Sicignano degli Alburni,SA
Sapori di castagne,18 Ottobre 2025 - 26 Ottobre 2025,2025-10-18,2025-10-26,Magnano In Riviera,UD
Palio dei cantù,18 Ottobre 2025 - 19 Ottobre 2025,2025-10-18,2025-10-19,Martinengo,BG
Simposio top wine 2950,18 Ottobre 2025,2025-10-18,2025-10-18,Canazei,TN
Sagra della zucca,18 Ottobre 2025 - 19 Ottobre 2025,2025-10-18,2025-10-19,Aquileia,UD
Sagra dei marroni,18 Ottobre 2025 - 26 Ottobre 2025,2025-10-18,2025-10-26,Rocca Massima,LT
Sagra della Castagna,18 Ottobre 2025 - 19 Ottobre 2025,2025-10-18,2025-10-19,Summonte,AV
Sagra del tartufo,19 Ottobre 2025 - 26 Ottobre 2025,2025-10-19,2025-10-26,Dovadola,FC
La mela benefica – Sagra della mela e dei sapori tirolesi,19 Ottobre 2025,2025-10-19,2025-10-19,Bolzano Novarese,NO
Festa della zucca e dei fiori d’autunno,19 Ottobre 2025,2025-10-19,2025-10-19,Montagnana,PD
Sagra della Polenta,19 Ottobre 2025,2025-10-19,2025-10-19,Casperia,RI
Sagra della Salsiccia,19 Ottobre 2025,2025-10-19,2025-10-19,Camerata Nuova,RM
Festa della Castagna,19 Ottobre 2025,2025-10-19,2025-10-19,Tufo Basso,AV
Festa della castagna di Intermesoli,19 Ottobre 2025,2025-10-19,2025-10-19,Intermesoli,AQ
Festa rurale del Cevrin di Coazze,19 Ottobre 2025,2025-10-19,2025-10-19,Coazze,TO
Festa del sedano rosso,19 Ottobre 2025,2025-10-19,2025-10-19,Orbassano,TO
Keschtnriggl festa della castagna,19 Ottobre 2025 - 02 Novembre 2025,2025-10-19,2025-11-02,Foiana,UD
Sagra della castagna,20 Ottobre 2025 - 26 Ottobre 2025,2025-10-20,2025-10-26,Cave,RM
Il marrone Segnino,23 Ottobre 2025 - 26 Ottobre 2025,2025-10-23,2025-10-26,Segni,RM
Festa del Folpo,23 Ottobre 2025 - 27 Ottobre 2025,2025-10-23,2025-10-27,Noventana,FE
Fira ‘d la calà,23 Ottobre 2025 - 26 Ottobre 2025,2025-10-23,2025-10-26,Bobbio Pellice,TO
Sagra del miele di Châtillon,24 Ottobre 2025 - 26 Ottobre 2025,2025-10-24,2025-10-26,Châtillon,AO
Festa del baccalà,24 Ottobre 2025 - 02 Novembre 2025,2025-10-24,2025-11-02,Ronchi di Campanile,RN
Sagra della Castagna del Partenio,24 Ottobre 2025 - 26 Ottobre 2025,2025-10-24,2025-10-26,Cervinara,AV
Sagra della Castagna,24 Ottobre 2025 - 26 Ottobre 2025,2025-10-24,2025-10-26,Sorbo Serpico,AV
Sagra della castagna,24 Ottobre 2025 - 27 Ottobre 2025,2025-10-24,2025-10-27,San Cipriano Picentino,SA
Sagra dei sapori Madoniti d’autunno,24 Ottobre 2025 - 26 Ottobre 2025,2025-10-24,2025-10-26,Petralia Sottana,PA
Festa dell’olio,24 Ottobre 2025 - 26 Ottobre 2025,2025-10-24,2025-10-26,Lucca Sicula,AG
Festa della sapa e del vin brulè,24 Ottobre 2025 - 26 Ottobre 2025,2025-10-24,2025-10-26,Rosora,AN
Sagra Polenta Taragna,24 Ottobre 2025 - 09 Novembre 2025,2025-10-24,2025-11-09,Spirano,BG
Sagra del totano,24 Ottobre 2025 - 02 Novembre 2025,2025-10-24,2025-11-02,Capraia Isola,LI
Zafferiamo,24 Ottobre 2025 - 26 Ottobre 2025,2025-10-24,2025-10-26,Città della Pieve,PG
Castagnata di Lillianes,24 Ottobre 2025 - 26 Ottobre 2025,2025-10-24,2025-10-26,Lillianes,AO
Sagra della Castanicoltura,24 Ottobre 2025 - 26 Ottobre 2025,2025-10-24,2025-10-26,Fagnano Castello,CS
Sagra dei li pani fattu in domu,24 Ottobre 2025 - 26 Ottobre 2025,2025-10-24,2025-10-26,Villaurbana,OR
Mostra e sagra dei funghi,25 Ottobre 2025,2025-10-25,2025-10-25,Ucria,ME
Sagra della mostarda di fichi d’india,25 Ottobre 2025 - 26 Ottobre 2025,2025-10-25,2025-10-26,Gagliano Castelferrato,EN
Sagra della castagna roscetta,25 Ottobre 2025 - 26 Ottobre 2025,2025-10-25,2025-10-26,Canistro Inferiore,AQ
Mostra dei formaggi della valle del Belice e sagra della ricotta,25 Ottobre 2025 - 26 Ottobre 2025,2025-10-25,2025-10-26,Poggioreale,TP
Festa della zucca,25 Ottobre 2025 - 26 Ottobre 2025,2025-10-25,2025-10-26,Venzone,UD
Volterra gusto,25 Ottobre 2025 - 02 Novembre 2025,2025-10-25,2025-11-02,Volterra,PI
Sagra della salsiccia,25 Ottobre 2025 - 26 Ottobre 2025,2025-10-25,2025-10-26,Morlupo,RM
Sagra dell’olio d’oliva,25 Ottobre 2025 - 26 Ottobre 2025,2025-10-25,2025-10-26,Cervino,CE
Mostra dei vini dei colli Euganei,25 Ottobre 2025 - 09 Novembre 2025,2025-10-25,2025-11-09,Torreglia,PD
Sagra mercato della castagna,25 Ottobre 2025 - 26 Ottobre 2025,2025-10-25,2025-10-26,Montemonaco,AP
Festa del Kiwi,25 Ottobre 2025,2025-10-25,2025-10-25,Pizzale,PV
Zucca Days,25 Ottobre 2025 - 26 Ottobre 2025,2025-10-25,2025-10-26,Casumaro,FE
Festa dea Panocia,25 Ottobre 2025 - 26 Ottobre 2025,2025-10-25,2025-10-26,Vigonza,PD
Fiesta de li Sucis,25 Ottobre 2025 - 26 Ottobre 2025,2025-10-25,2025-10-26,Cordenons,PN
Sagra della Castagna,25 Ottobre 2025 - 26 Ottobre 2025,2025-10-25,2025-10-26,San Felice D'ocre,RI
Sagra della Castagna e dei prodotti del sottobosco,25 Ottobre 2025 - 26 Ottobre 2025,2025-10-25,2025-10-26,Calvello,PZ
Festa della patata di Montagna,25 Ottobre 2025 - 26 Ottobre 2025,2025-10-25,2025-10-26,Castelcivita,SA
Sagra del tartufo bianco delle Colline Sanminiatesi,25 Ottobre 2025 - 02 Novembre 2025,2025-10-25,2025-11-02,Ponte a Egola,PI
Super Castagnata,25 Ottobre 2025 - 26 Ottobre 2025,2025-10-25,2025-10-26,Ripatransone,AP
Sagra della Bagna Cauda,25 Ottobre 2025 - 26 Ottobre 2025,2025-10-25,2025-10-26,Belveglio,AT
L’Umbria in un bicchiere,25 Ottobre 2025,2025-10-25,2025-10-25,Foligno,PG
Capricci d’autunno,25 Ottobre 2025 - 09 Novembre 2025,2025-10-25,2025-11-09,Fiumedinisi,ME
Bacco per Bacco,25 Ottobre 2025 - 26 Ottobre 2025,2025-10-25,2025-10-26,Turi,BA
Sagra delle “Zazzicchie e Verole”,25 Ottobre 2025 - 26 Ottobre 2025,2025-10-25,2025-10-26,Gerano,RM
Tartófla – Festival Internazionale del tartufo bianco,25 Ottobre 2025 - 16 Novembre 2025,2025-10-25,2025-11-16,Savigno,BO
Sagra della Castagna,25 Ottobre 2025 - 26 Ottobre 2025,2025-10-25,2025-10-26,Calvello,PZ
Fiera del Sant – Fièro di Sant,25 Ottobre 2025 - 26 Ottobre 2025,2025-10-25,2025-10-26,Vinadio,CN
Festa d’autunno ciccioli balsamici,25 Ottobre 2025 - 26 Ottobre 2025,2025-10-25,2025-10-26,Albinea,RE
Sagra della Castagna,25 Ottobre 2025 - 26 Ottobre 2025,2025-10-25,2025-10-26,Martone,RC
Sagra della Castagna di Aritzo,25 Ottobre 2025 - 26 Ottobre 2025,2025-10-25,2025-10-26,Aritzo,NU
Sagra delle radici di Soncino,26 Ottobre 2025,2025-10-26,2025-10-26,Soncino,CR
Sagra della Castagna,26 Ottobre 2025,2025-10-26,2025-10-26,Montagnareale,ME
Sagra dell’Agnellone e del Castrato,26 Ottobre 2025,2025-10-26,2025-10-26,Brisighella,RA
Castagnata di Flagogna,26 Ottobre 2025,2025-10-26,2025-10-26,Flagogna,AP
Festa del braciere,26 Ottobre 2025,2025-10-26,2025-10-26,Moresco,FM
Sagra del marrone locale,26 Ottobre 2025,2025-10-26,2025-10-26,Polverina,CB
Saboris Antigus,26 Ottobre 2025,2025-10-26,2025-10-26,Gergei,SU
Schisciafarniscula,26 Ottobre 2025,2025-10-26,2025-10-26,Cassolnovo,PV
Festa del marrone,26 Ottobre 2025,2025-10-26,2025-10-26,Castione,BG
I centogusti dell’appennino,30 Ottobre 2025 - 02 Novembre 2025,2025-10-30,2025-11-02,Anghiari,AR
Soca Fest,30 Ottobre 2025 - 02 Novembre 2025,2025-10-30,2025-11-02,Palazzago,BG
Festival della Valtellina,30 Ottobre 2025 - 02 Novembre 2025,2025-10-30,2025-11-02,Lomazzo,CO
Sagra della strazzata – Festival dei grani antichi,31 Ottobre 2025 - 02 Novembre 2025,2025-10-31,2025-11-02,Lagopesole,PZ
Sagra della Ciuìga,31 Ottobre 2025 - 02 Novembre 2025,2025-10-31,2025-11-02,San Lorenzo Dorsino,TN
Ferrara Food Festival,31 Ottobre 2025 - 02 Novembre 2025,2025-10-31,2025-11-02,Ferrara,FE
Mostra mercato nazionale del tartufo bianco,31 Ottobre 2025 - 02 Novembre 2025,2025-10-31,2025-11-02,Città di Castello,PG
Sapori di Laverino,31 Ottobre 2025 - 02 Novembre 2025,2025-10-31,2025-11-02,Laverino,LC
Mostra mercato del tartufo bianco di Carbone,31 Ottobre 2025 - 02 Novembre 2025,2025-10-31,2025-11-02,Carbone,PZ
Sapori d’autunno,31 Ottobre 2025 - 02 Novembre 2025,2025-10-31,2025-11-02,Pietrapertosa,PZ
Sagra della castagna,01 Novembre 2025 - 02 Novembre 2025,2025-11-01,2025-11-02,Sante Marie,AQ
Sagra del fungo cardoncello,01 Novembre 2025 - 02 Novembre 2025,2025-11-01,2025-11-02,Spinazzola,BT
Sagra del Marrone,01 Novembre 2025 - 02 Novembre 2025,2025-11-01,2025-11-02,Arcinazzo Romano,RM
"Festa del vino cotto, castagne e sapori d’autunno",01 Novembre 2025 - 02 Novembre 2025,2025-11-01,2025-11-02,Roccamontepiano,CH
Fiera Nazionale del Tartufo Bianco di Acqualagna,01 Novembre 2025 - 23 Novembre 2025,2025-11-01,2025-11-23,Acqualagna,PU
Agrimontana,01 Novembre 2025 - 02 Novembre 2025,2025-11-01,2025-11-02,Palazzolo Acreide,SR
Strade dello Zafferano di Sardegna DOP,02 Novembre 2025 - 16 Novembre 2025,2025-11-02,2025-11-16,Villanovafranca,SU
Frantoi aperti in Valle Roveto,02 Novembre 2025 - 15 Novembre 2025,2025-11-02,2025-11-15,San Vincenzo Valle Roveto,AQ
Sagra della castagna,05 Novembre 2025 - 09 Novembre 2025,2025-11-05,2025-11-09,Sant'Agata di Esaro,CS
Sagra mele miele,07 Novembre 2025 - 09 Novembre 2025,2025-11-07,2025-11-09,Baceno,VB
Sagra della castagna IGP,07 Novembre 2025 - 16 Novembre 2025,2025-11-07,2025-11-16,Montella,AV
La Mangiaunta,07 Novembre 2025 - 09 Novembre 2025,2025-11-07,2025-11-09,Giano Dell'umbria,PG
Olioliva festa dell’olio nuovo,07 Novembre 2025 - 09 Novembre 2025,2025-11-07,2025-11-09,Imperia,IM
Festa del radicchio rosso di Treviso IGP,07 Novembre 2025 - 23 Novembre 2025,2025-11-07,2025-11-23,Rio San Martino,TV
Festa del vino,07 Novembre 2025 - 09 Novembre 2025,2025-11-07,2025-11-09,Procida,NO_PROV
Festa della castagna,07 Novembre 2025 - 09 Novembre 2025,2025-11-07,2025-11-09,Riofreddo,RM
DeguScanno,07 Novembre 2025 - 09 Novembre 2025,2025-11-07,2025-11-09,Scanno,AQ
Festa del torrone,08 Novembre 2025 - 16 Novembre 2025,2025-11-08,2025-11-16,Cremona,CR
Bacco nelle gnostre,08 Novembre 2025 - 09 Novembre 2025,2025-11-08,2025-11-09,Noci,BA
Fiera del porro,08 Novembre 2025 - 23 Novembre 2025,2025-11-08,2025-11-23,Cervere,CN
Le cantine di San Martino,08 Novembre 2025 - 09 Novembre 2025,2025-11-08,2025-11-09,Arce,FR
Festa del tartufo,08 Novembre 2025 - 16 Novembre 2025,2025-11-08,2025-11-16,Campoli Appennino,FR
L’oca e il vin novello,08 Novembre 2025 - 09 Novembre 2025,2025-11-08,2025-11-09,Lavariano,UD
Fiera del bollito con la pearà e sapori d’autunno,13 Novembre 2025 - 30 Novembre 2025,2025-11-13,2025-11-30,Isola della Scala,VR
Sagra della Cassatella di Agira,14 Novembre 2025 - 16 Novembre 2025,2025-11-14,2025-11-16,Agira,EN
Sagra delle olive,14 Novembre 2025 - 16 Novembre 2025,2025-11-14,2025-11-16,Gonnosfanadiga,SU
Aj a Caraj,15 Novembre 2025 - 16 Novembre 2025,2025-11-15,2025-11-16,Caraglio,CN
Il cardoncello novello,15 Novembre 2025 - 16 Novembre 2025,2025-11-15,2025-11-16,Gravina in Puglia,BA
Fera dij Còj,15 Novembre 2025 - 16 Novembre 2025,2025-11-15,2025-11-16,Settimo Torinese,TO
Festa della pitina,15 Novembre 2025 - 16 Novembre 2025,2025-11-15,2025-11-16,Tramonti di Sopra,PN
Sagra del cavolo verza,19 Novembre 2025 - 23 Novembre 2025,2025-11-19,2025-11-23,Montalto Dora,TO
Festa della cicerchia,21 Novembre 2025 - 23 Novembre 2025,2025-11-21,2025-11-23,Serra De' Conti,AN
Sagra dell’ulivo e dell’olio,23 Novembre 2025,2025-11-23,2025-11-23,Brisighella,RA
Festa della cicerchia di Serra de’ Conti,28 Novembre 2025 - 30 Novembre 2025,2025-11-28,2025-11-30,Serra De' Conti,AN
Festa del mandorlato,29 Novembre 2025 - 07 Dicembre 2025,2025-11-29,2025-12-07,Cologna Veneta,VR
Sagra del maiale e del cinghiale,29 Novembre 2025 - 30 Novembre 2025,2025-11-29,2025-11-30,Antillo,ME
Sagra del buccellato,29 Novembre 2025 - 30 Novembre 2025,2025-11-29,2025-11-30,Casteldaccia,PA
Olio & Farro,29 Novembre 2025 - 30 Novembre 2025,2025-11-29,2025-11-30,Alviano,TR
Fiera fredda – Fiera Nazionale della lumaca piemontese,03 Dicembre 2025 - 07 Dicembre 2025,2025-12-03,2025-12-07,Borgo San Dalmazzo,CN
Festa del radicchio,03 Dicembre 2025 - 07 Dicembre 2025,2025-12-03,2025-12-07,Asigliano Veneto,VI
Festa dell’olio,05 Dicembre 2025 - 07 Dicembre 2025,2025-12-05,2025-12-07,San Quirico d'Orcia,SI
Choco Modica,05 Dicembre 2025 - 08 Dicembre 2025,2025-12-05,2025-12-08,Modica,RG
Festa del Torrone e del Croccantino,05 Dicembre 2025 - 14 Dicembre 2025,2025-12-05,2025-12-14,San Marco dei Cavoti,BN
Sagra dell’olivo di Canino,06 Dicembre 2025 - 08 Dicembre 2025,2025-12-06,2025-12-08,Canino,VT
Festa del Sedano Nero di Torricella Peligna,07 Dicembre 2025 - 14 Dicembre 2025,2025-12-07,2025-12-14,Torricella Peligna,CH
Festa de Su Binu Nou,08 Dicembre 2025,2025-12-08,2025-12-08,Sardara,SU
Festa dello zampone e del cotechino Modena IGP,12 Dicembre 2025 - 14 Dicembre 2025,2025-12-12,2025-12-14,Modena,MO
Fiera del bue grasso,12 Dicembre 2025,2025-12-12,2025-12-12,Carrù,CN
Festa del Radicchio variegato di Castelfranco IGP,13 Dicembre 2025 - 14 Dicembre 2025,2025-12-13,2025-12-14,Castelfranco Veneto,TV
